sale_id,customer_id,product_id,quantity,sale_date
1001,85,105,1,08/03/2025
1002,90,109,4,26/11/2024
1003,138,106,1,19/04/2025
1004,67,103,5,12/03/2025
1005,10,102,5,27/01/2025
1006,89,106,4,14/12/2024
1007,131,102,4,22/12/2024
1008,49,105,1,27/01/2025
1009,1,109,5,24/11/2024
1010,185,104,3,28/01/2025
1011,18,106,5,27/02/2025
1012,170,102,3,09/01/2025
1013,80,107,3,04/02/2025
1014,179,105,5,16/04/2025
1015,50,107,4,26/11/2024
1016,192,103,5,24/12/2024
1017,78,107,5,18/05/2025
1018,78,105,2,28/01/2025
1019,149,110,3,19/01/2025
1020,114,108,2,08/01/2025
1021,122,103,1,07/03/2025
1022,132,110,3,25/04/2025
1023,193,104,3,22/03/2025
1024,51,103,1,07/05/2025
1025,63,108,5,30/04/2025
1026,117,107,5,30/03/2025
1027,184,107,4,05/02/2025
1028,63,103,1,21/04/2025
1029,200,107,2,03/04/2025
1030,179,109,4,06/05/2025
1031,143,104,1,22/01/2025
1032,35,108,5,26/12/2024
1033,153,106,4,13/12/2024
1034,185,109,4,29/12/2024
1035,115,103,4,23/01/2025
1036,67,104,3,05/01/2025
1037,125,104,3,26/01/2025
1038,20,105,2,10/03/2025
1039,86,106,5,28/04/2025
1040,36,103,2,09/02/2025
1041,178,103,2,02/05/2025
1042,107,107,3,31/12/2024
1043,120,107,1,27/03/2025
1044,108,107,5,21/11/2024
1045,6,110,4,16/01/2025
1046,2,106,3,08/02/2025
1047,108,109,5,15/12/2024
1048,57,108,2,10/03/2025
1049,112,108,1,08/02/2025
1050,87,107,2,19/01/2025
1051,33,110,5,12/05/2025
1052,101,110,5,30/11/2024
1053,7,102,4,14/04/2025
1054,119,103,1,13/03/2025
1055,98,106,2,22/01/2025
1056,84,106,4,08/03/2025
1057,193,107,3,28/04/2025
1058,121,101,5,05/05/2025
1059,90,104,1,03/12/2024
1060,11,101,2,28/03/2025
1061,6,110,2,18/03/2025
1062,33,108,1,25/12/2024
1063,56,108,3,13/02/2025
1064,43,110,5,19/04/2025
1065,200,103,3,21/04/2025
1066,149,101,3,22/12/2024
1067,174,107,4,29/03/2025
1068,20,110,2,22/04/2025
1069,179,105,5,18/04/2025
1070,145,101,3,02/01/2025
1071,110,106,1,09/01/2025
1072,166,106,1,31/01/2025
1073,126,102,4,15/02/2025
1074,163,108,2,27/01/2025
1075,46,109,3,12/12/2024
1076,138,108,4,27/01/2025
1077,188,110,3,25/02/2025
1078,63,102,3,23/01/2025
1079,63,108,5,13/12/2024
1080,172,107,3,11/05/2025
1081,127,106,2,14/01/2025
1082,55,106,3,20/02/2025
1083,72,110,3,27/12/2024
1084,3,109,2,27/04/2025
1085,62,107,4,27/12/2024
1086,195,104,4,04/12/2024
1087,183,108,4,14/05/2025
1088,24,105,2,04/02/2025
1089,178,104,3,30/11/2024
1090,149,106,4,28/12/2024
1091,136,106,4,29/12/2024
1092,85,106,4,10/03/2025
1093,79,105,2,18/04/2025
1094,185,104,3,18/04/2025
1095,191,109,2,30/03/2025
1096,56,108,3,19/12/2024
1097,195,109,5,07/03/2025
1098,26,104,3,21/03/2025
1099,93,103,3,15/05/2025
1100,182,109,2,09/03/2025
1101,12,101,5,05/03/2025
1102,179,103,4,22/04/2025
1103,4,110,3,18/01/2025
1104,123,108,3,01/04/2025
1105,14,105,4,19/04/2025
1106,17,107,4,30/04/2025
1107,148,101,2,10/04/2025
1108,145,105,1,16/03/2025
1109,31,109,4,14/12/2024
1110,153,110,2,05/01/2025
1111,98,108,4,03/03/2025
1112,151,107,3,24/12/2024
1113,159,101,5,23/04/2025
1114,196,104,2,12/03/2025
1115,170,102,2,18/03/2025
1116,45,109,1,08/04/2025
1117,1,107,4,23/11/2024
1118,153,108,3,10/05/2025
1119,60,105,3,20/11/2024
1120,117,102,2,12/03/2025
1121,161,110,2,30/01/2025
1122,30,109,2,04/12/2024
1123,39,105,2,30/04/2025
1124,16,103,3,17/12/2024
1125,192,110,3,26/01/2025
1126,32,108,3,20/11/2024
1127,104,105,5,31/12/2024
1128,127,108,1,16/12/2024
1129,11,107,3,15/12/2024
1130,65,101,1,21/03/2025
1131,173,110,5,13/05/2025
1132,196,105,5,08/05/2025
1133,196,103,4,06/01/2025
1134,167,108,3,02/04/2025
1135,150,107,4,25/04/2025
1136,121,106,4,22/02/2025
1137,83,102,2,23/02/2025
1138,106,108,3,30/11/2024
1139,103,109,1,22/01/2025
1140,23,106,3,25/02/2025
1141,30,107,5,18/05/2025
1142,169,109,4,02/02/2025
1143,14,104,5,15/02/2025
1144,160,108,4,05/05/2025
1145,53,105,5,15/04/2025
1146,74,108,4,17/04/2025
1147,8,110,2,08/04/2025
1148,80,109,1,28/12/2024
1149,105,102,2,19/04/2025
1150,119,102,2,11/01/2025
1151,184,105,5,10/03/2025
1152,107,108,4,17/03/2025
1153,117,109,2,09/02/2025
1154,49,110,5,14/04/2025
1155,18,105,4,20/02/2025
1156,130,105,1,07/03/2025
1157,186,105,5,21/12/2024
1158,169,108,2,24/01/2025
1159,138,108,3,22/02/2025
1160,142,109,4,22/01/2025
1161,83,104,2,23/12/2024
1162,99,104,4,07/05/2025
1163,82,108,4,09/02/2025
1164,170,103,4,09/05/2025
1165,33,109,5,23/02/2025
1166,26,108,1,04/01/2025
1167,117,101,2,03/02/2025
1168,168,103,1,18/01/2025
1169,68,106,5,22/11/2024
1170,102,102,3,27/11/2024
1171,137,107,3,09/12/2024
1172,184,108,5,09/05/2025
1173,159,102,2,08/12/2024
1174,176,105,2,25/04/2025
1175,112,102,1,25/01/2025
1176,43,105,1,07/05/2025
1177,84,101,3,16/02/2025
1178,96,107,2,17/03/2025
1179,136,107,5,25/11/2024
1180,47,103,2,28/04/2025
1181,157,107,5,25/11/2024
1182,62,108,5,12/04/2025
1183,60,108,3,21/01/2025
1184,66,101,4,06/03/2025
1185,174,109,2,30/04/2025
1186,114,106,5,03/03/2025
1187,164,107,3,22/01/2025
1188,78,104,4,15/01/2025
1189,28,104,4,23/12/2024
1190,92,110,3,20/11/2024
1191,76,101,4,09/03/2025
1192,3,110,1,14/12/2024
1193,191,108,3,21/03/2025
1194,156,106,2,07/12/2024
1195,49,110,3,26/11/2024
1196,194,103,1,09/12/2024
1197,166,101,3,26/01/2025
1198,9,110,3,15/04/2025
1199,24,105,3,01/02/2025
1200,45,104,2,31/12/2024
1201,94,109,5,10/03/2025
1202,43,105,4,04/03/2025
1203,192,106,1,19/01/2025
1204,20,103,2,26/11/2024
1205,186,107,5,14/02/2025
1206,24,107,1,12/03/2025
1207,138,102,4,13/02/2025
1208,173,105,5,10/02/2025
1209,164,106,1,27/11/2024
1210,60,108,1,11/12/2024
1211,144,106,5,23/03/2025
1212,166,102,4,20/11/2024
1213,78,107,1,13/04/2025
1214,12,101,3,12/01/2025
1215,30,102,2,01/01/2025
1216,35,107,4,13/02/2025
1217,172,109,4,19/12/2024
1218,191,103,4,02/12/2024
1219,26,108,5,03/02/2025
1220,72,101,3,24/03/2025
1221,114,108,2,15/02/2025
1222,26,106,5,04/12/2024
1223,92,101,4,09/03/2025
1224,49,102,4,25/04/2025
1225,170,104,5,13/05/2025
1226,13,106,2,16/04/2025
1227,145,104,1,28/12/2024
1228,54,110,2,20/03/2025
1229,85,103,5,18/05/2025
1230,71,103,2,31/12/2024
1231,65,103,1,30/11/2024
1232,7,103,1,16/02/2025
1233,61,110,3,14/05/2025
1234,45,105,1,16/04/2025
1235,190,107,5,19/04/2025
1236,191,102,4,24/01/2025
1237,200,106,5,18/12/2024
1238,28,108,5,23/03/2025
1239,158,101,5,02/03/2025
1240,118,101,1,16/01/2025
1241,103,107,1,13/01/2025
1242,183,108,1,28/04/2025
1243,83,110,2,02/05/2025
1244,33,105,5,07/12/2024
1245,150,109,3,10/02/2025
1246,153,109,3,22/01/2025
1247,130,110,4,23/04/2025
1248,180,102,5,24/03/2025
1249,111,108,2,02/02/2025
1250,87,108,4,01/02/2025
1251,187,102,3,29/01/2025
1252,81,105,3,09/04/2025
1253,176,108,1,25/04/2025
1254,22,102,4,24/04/2025
1255,191,106,2,27/12/2024
1256,16,110,5,26/12/2024
1257,85,102,4,17/02/2025
1258,171,107,1,06/03/2025
1259,154,105,3,22/04/2025
1260,148,109,2,09/04/2025
1261,169,108,2,21/04/2025
1262,90,109,3,19/04/2025
1263,196,105,5,22/03/2025
1264,110,109,5,12/12/2024
1265,173,109,1,14/12/2024
1266,169,105,1,02/04/2025
1267,70,105,3,18/02/2025
1268,2,103,2,25/12/2024
1269,169,107,1,12/04/2025
1270,190,101,1,03/01/2025
1271,56,107,4,22/01/2025
1272,88,103,3,28/02/2025
1273,185,106,5,17/12/2024
1274,22,101,2,08/04/2025
1275,194,110,1,27/11/2024
1276,21,105,4,30/11/2024
1277,109,108,5,25/01/2025
1278,107,105,2,07/01/2025
1279,30,106,4,20/04/2025
1280,73,110,4,04/01/2025
1281,171,105,1,23/03/2025
1282,102,110,1,17/05/2025
1283,53,105,2,13/04/2025
1284,196,105,3,24/02/2025
1285,31,101,4,28/01/2025
1286,45,103,4,02/01/2025
1287,181,104,5,26/12/2024
1288,172,106,1,06/02/2025
1289,190,101,4,14/05/2025
1290,118,102,3,22/12/2024
1291,110,110,4,06/12/2024
1292,107,105,1,04/02/2025
1293,6,106,2,11/12/2024
1294,118,106,1,27/01/2025
1295,28,104,4,19/12/2024
1296,103,109,1,06/02/2025
1297,80,106,2,22/02/2025
1298,200,103,1,08/01/2025
1299,163,102,5,08/01/2025
1300,50,106,3,04/12/2024
1301,38,104,1,11/04/2025
1302,66,104,2,15/12/2024
1303,40,102,2,09/12/2024
1304,127,108,5,21/12/2024
1305,115,110,5,25/02/2025
1306,161,106,2,26/01/2025
1307,18,108,4,08/12/2024
1308,78,105,5,04/05/2025
1309,91,109,1,28/02/2025
1310,119,108,1,04/05/2025
1311,95,105,1,04/12/2024
1312,24,110,5,09/01/2025
1313,99,108,5,28/12/2024
1314,190,101,4,23/12/2024
1315,167,104,3,15/12/2024
1316,122,109,2,03/05/2025
1317,116,102,3,27/04/2025
1318,130,103,1,16/03/2025
1319,182,108,4,04/01/2025
1320,134,110,2,14/02/2025
1321,96,105,4,03/02/2025
1322,199,106,5,05/05/2025
1323,162,106,1,23/02/2025
1324,25,109,4,07/03/2025
1325,65,110,2,22/02/2025
1326,21,110,2,18/02/2025
1327,80,107,2,17/12/2024
1328,182,102,3,26/12/2024
1329,97,106,2,28/11/2024
1330,180,109,1,04/12/2024
1331,172,107,5,15/02/2025
1332,5,106,3,02/04/2025
1333,55,106,4,30/03/2025
1334,58,103,2,29/04/2025
1335,76,102,5,31/12/2024
1336,190,109,1,30/11/2024
1337,87,110,2,17/12/2024
1338,97,103,2,02/04/2025
1339,178,110,2,26/01/2025
1340,12,107,3,26/11/2024
1341,185,104,4,13/12/2024
1342,73,108,2,02/01/2025
1343,62,105,4,30/03/2025
1344,95,110,4,20/01/2025
1345,197,105,4,10/01/2025
1346,136,107,2,28/03/2025
1347,155,103,3,05/05/2025
1348,165,108,3,28/12/2024
1349,27,109,1,07/03/2025
1350,22,103,3,23/01/2025
1351,132,103,4,25/04/2025
1352,57,108,3,12/05/2025
1353,107,101,4,10/01/2025
1354,96,104,4,28/04/2025
1355,96,104,1,26/02/2025
1356,26,106,2,13/04/2025
1357,10,105,4,21/11/2024
1358,36,108,4,12/12/2024
1359,2,102,1,14/03/2025
1360,56,103,5,14/12/2024
1361,136,107,1,06/03/2025
1362,61,105,1,06/05/2025
1363,62,107,5,21/01/2025
1364,17,102,4,17/12/2024
1365,138,101,5,22/12/2024
1366,62,103,3,29/01/2025
1367,1,110,3,18/03/2025
1368,147,107,2,29/11/2024
1369,172,102,5,15/02/2025
1370,18,109,5,09/01/2025
1371,130,109,1,08/02/2025
1372,121,101,4,12/02/2025
1373,65,101,3,01/05/2025
1374,89,104,1,21/12/2024
1375,189,106,2,07/05/2025
1376,91,109,3,05/12/2024
1377,45,108,4,08/12/2024
1378,47,103,1,21/01/2025
1379,10,105,2,07/05/2025
1380,52,101,3,28/02/2025
1381,132,107,5,17/01/2025
1382,65,101,2,06/03/2025
1383,92,101,3,10/03/2025
1384,32,106,4,05/02/2025
1385,191,108,4,21/02/2025
1386,48,108,4,13/02/2025
1387,133,105,1,30/01/2025
1388,21,107,5,02/04/2025
1389,140,105,3,22/04/2025
1390,21,106,3,01/03/2025
1391,115,110,4,06/04/2025
1392,177,108,3,24/01/2025
1393,11,106,5,27/01/2025
1394,71,101,1,28/11/2024
1395,164,107,3,07/01/2025
1396,192,103,1,12/04/2025
1397,156,108,1,16/04/2025
1398,18,104,3,15/02/2025
1399,99,110,1,15/12/2024
1400,40,108,3,12/02/2025
1401,114,102,5,13/04/2025
1402,136,106,4,27/02/2025
1403,167,105,2,19/04/2025
1404,7,103,4,06/01/2025
1405,100,109,1,12/03/2025
1406,199,105,4,25/03/2025
1407,157,105,4,28/03/2025
1408,32,103,1,23/01/2025
1409,45,108,1,25/11/2024
1410,82,106,1,29/12/2024
1411,139,105,3,08/04/2025
1412,183,103,3,08/01/2025
1413,58,102,2,13/04/2025
1414,61,108,1,15/02/2025
1415,142,110,3,19/01/2025
1416,142,103,5,26/04/2025
1417,17,105,4,16/01/2025
1418,135,107,4,22/12/2024
1419,19,103,3,05/12/2024
1420,19,108,4,25/11/2024
1421,133,106,2,28/12/2024
1422,164,110,2,15/04/2025
1423,111,109,1,17/04/2025
1424,133,103,3,06/04/2025
1425,42,106,2,19/02/2025
1426,133,105,1,15/03/2025
1427,51,109,3,16/04/2025
1428,161,105,5,02/01/2025
1429,24,109,2,18/12/2024
1430,149,103,2,01/12/2024
1431,160,110,3,25/12/2024
1432,11,101,1,07/05/2025
1433,165,110,3,03/12/2024
1434,54,110,4,11/12/2024
1435,164,101,4,09/12/2024
1436,140,105,3,15/01/2025
1437,63,107,3,22/01/2025
1438,19,101,2,26/01/2025
1439,107,108,4,27/03/2025
1440,88,110,2,27/02/2025
1441,184,106,3,05/02/2025
1442,34,106,5,26/12/2024
1443,28,106,2,19/01/2025
1444,32,105,4,16/03/2025
1445,37,102,1,05/03/2025
1446,99,110,4,16/03/2025
1447,41,106,5,27/02/2025
1448,49,103,4,07/01/2025
1449,120,108,3,11/01/2025
1450,6,102,4,09/01/2025
1451,118,104,2,20/12/2024
1452,91,101,1,07/03/2025
1453,127,110,4,06/03/2025
1454,138,101,1,28/01/2025
1455,35,105,3,04/02/2025
1456,94,101,4,05/05/2025
1457,146,109,2,15/02/2025
1458,142,105,1,09/02/2025
1459,130,108,5,08/03/2025
1460,160,110,1,16/04/2025
1461,25,107,3,21/02/2025
1462,143,106,2,29/03/2025
1463,155,109,4,10/01/2025
1464,11,101,1,13/04/2025
1465,183,106,4,06/01/2025
1466,117,103,5,07/01/2025
1467,36,106,5,26/02/2025
1468,42,107,5,03/03/2025
1469,152,106,5,08/01/2025
1470,137,108,5,03/03/2025
1471,122,101,3,23/02/2025
1472,173,102,4,20/12/2024
1473,79,101,5,17/01/2025
1474,68,110,5,21/03/2025
1475,185,101,5,16/01/2025
1476,44,109,5,10/02/2025
1477,38,104,1,23/12/2024
1478,180,102,2,14/05/2025
1479,113,106,4,10/04/2025
1480,106,104,4,10/01/2025
1481,199,110,4,03/05/2025
1482,181,103,5,26/03/2025
1483,144,106,4,04/01/2025
1484,97,106,2,21/01/2025
1485,137,106,5,17/02/2025
1486,174,105,5,15/01/2025
1487,50,104,3,27/12/2024
1488,77,104,3,06/03/2025
1489,181,104,4,26/02/2025
1490,123,106,5,09/03/2025
1491,74,102,5,26/11/2024
1492,140,107,4,19/02/2025
1493,198,103,3,08/05/2025
1494,74,102,3,25/01/2025
1495,168,105,4,25/03/2025
1496,52,109,3,26/12/2024
1497,179,105,2,21/04/2025
1498,158,110,2,17/03/2025
1499,13,109,2,06/12/2024
1500,60,101,1,02/02/2025
1501,85,108,1,25/11/2024
1502,198,103,1,29/12/2024
1503,41,107,4,16/01/2025
1504,167,104,3,25/02/2025
1505,74,101,1,03/12/2024
1506,147,104,5,09/05/2025
1507,45,107,2,09/05/2025
1508,102,108,2,05/03/2025
1509,10,101,3,24/12/2024
1510,155,102,3,07/03/2025
1511,117,109,5,12/01/2025
1512,35,109,4,10/03/2025
1513,50,102,3,07/04/2025
1514,188,108,3,01/04/2025
1515,4,106,3,24/12/2024
1516,173,104,2,13/12/2024
1517,164,107,4,07/01/2025
1518,84,102,4,28/11/2024
1519,25,103,2,16/01/2025
1520,83,104,1,13/03/2025
1521,99,104,4,11/03/2025
1522,85,105,5,23/12/2024
1523,3,105,3,22/11/2024
1524,61,101,1,19/01/2025
1525,79,103,4,24/11/2024
1526,129,105,1,06/12/2024
1527,76,106,5,23/03/2025
1528,57,103,4,09/04/2025
1529,117,110,3,01/02/2025
1530,180,109,4,01/01/2025
1531,171,104,2,25/11/2024
1532,194,110,1,04/01/2025
1533,115,109,3,29/04/2025
1534,145,102,1,29/12/2024
1535,130,104,5,01/01/2025
1536,39,103,3,05/01/2025
1537,114,102,2,20/12/2024
1538,126,102,5,24/01/2025
1539,15,108,2,07/01/2025
1540,107,108,5,04/05/2025
1541,144,108,3,13/05/2025
1542,102,105,1,24/03/2025
1543,149,102,1,30/01/2025
1544,89,102,5,03/05/2025
1545,18,108,1,06/03/2025
1546,105,103,2,05/12/2024
1547,187,107,3,10/02/2025
1548,115,107,4,28/04/2025
1549,175,109,2,02/12/2024
1550,90,102,2,01/01/2025
1551,101,109,2,22/03/2025
1552,1,101,3,20/01/2025
1553,173,109,4,02/01/2025
1554,98,104,2,21/01/2025
1555,89,103,3,31/03/2025
1556,186,102,1,30/11/2024
1557,108,110,1,18/03/2025
1558,53,102,1,17/12/2024
1559,9,108,5,27/11/2024
1560,181,101,2,07/05/2025
1561,103,108,2,31/12/2024
1562,56,101,2,10/01/2025
1563,75,104,5,26/02/2025
1564,148,110,3,19/03/2025
1565,78,103,5,23/03/2025
1566,106,105,3,03/05/2025
1567,143,110,2,09/12/2024
1568,174,107,5,12/01/2025
1569,13,106,4,04/01/2025
1570,82,107,4,10/04/2025
1571,77,107,2,01/01/2025
1572,122,104,2,03/03/2025
1573,182,103,4,04/05/2025
1574,144,107,4,27/12/2024
1575,136,103,4,17/03/2025
1576,66,104,3,04/12/2024
1577,21,108,3,25/04/2025
1578,138,104,1,11/03/2025
1579,97,110,5,08/05/2025
1580,19,104,5,28/11/2024
1581,144,104,4,26/03/2025
1582,86,105,1,25/03/2025
1583,49,102,4,17/03/2025
1584,179,110,2,06/02/2025
1585,62,109,3,07/03/2025
1586,98,108,5,03/12/2024
1587,92,105,3,15/02/2025
1588,132,108,4,23/04/2025
1589,185,108,3,27/03/2025
1590,95,106,4,07/05/2025
1591,145,104,2,14/05/2025
1592,67,109,5,21/12/2024
1593,185,107,3,09/04/2025
1594,51,106,2,10/02/2025
1595,146,104,4,29/12/2024
1596,168,106,3,13/01/2025
1597,186,108,4,05/04/2025
1598,188,106,2,13/04/2025
1599,185,109,4,01/04/2025
1600,139,101,5,10/05/2025
1601,20,101,1,02/02/2025
1602,36,104,1,10/04/2025
1603,3,104,5,22/01/2025
1604,96,101,5,06/12/2024
1605,171,110,4,01/12/2024
1606,125,101,1,02/01/2025
1607,142,107,1,14/05/2025
1608,136,105,5,06/03/2025
1609,5,109,4,03/04/2025
1610,28,102,5,10/04/2025
1611,62,104,5,04/01/2025
1612,65,106,3,06/02/2025
1613,21,106,4,21/01/2025
1614,145,104,2,03/03/2025
1615,176,102,1,25/04/2025
1616,104,107,4,28/12/2024
1617,122,101,1,20/11/2024
1618,44,102,4,27/01/2025
1619,166,106,5,24/04/2025
1620,136,101,2,25/03/2025
1621,178,110,4,10/03/2025
1622,12,102,3,30/12/2024
1623,145,101,2,27/02/2025
1624,5,104,5,12/04/2025
1625,193,107,1,03/03/2025
1626,42,110,2,24/12/2024
1627,100,109,3,09/02/2025
1628,194,103,1,10/01/2025
1629,191,106,1,23/04/2025
1630,112,104,1,20/02/2025
1631,155,110,5,06/02/2025
1632,199,106,1,07/12/2024
1633,70,108,4,21/03/2025
1634,92,109,4,28/01/2025
1635,48,110,4,27/04/2025
1636,198,110,3,16/03/2025
1637,183,102,1,11/03/2025
1638,40,107,2,08/02/2025
1639,82,106,1,25/04/2025
1640,2,105,4,15/02/2025
1641,195,105,1,15/04/2025
1642,23,103,4,24/01/2025
1643,143,109,5,03/02/2025
1644,27,101,1,17/02/2025
1645,142,102,5,16/12/2024
1646,84,107,1,05/03/2025
1647,106,107,1,26/12/2024
1648,63,110,5,05/04/2025
1649,176,107,2,13/04/2025
1650,69,105,3,12/01/2025
1651,38,102,2,27/01/2025
1652,71,107,3,15/01/2025
1653,20,106,3,16/03/2025
1654,185,108,5,12/12/2024
1655,51,108,1,14/04/2025
1656,78,101,4,22/02/2025
1657,159,107,3,26/01/2025
1658,86,107,5,14/04/2025
1659,77,106,5,22/11/2024
1660,52,108,3,03/04/2025
1661,102,106,3,22/11/2024
1662,163,108,5,17/03/2025
1663,84,107,3,07/02/2025
1664,94,102,5,28/03/2025
1665,152,109,2,25/11/2024
1666,197,109,1,20/01/2025
1667,182,104,4,05/03/2025
1668,178,102,4,27/11/2024
1669,128,103,3,18/03/2025
1670,65,103,4,11/02/2025
1671,19,108,5,16/01/2025
1672,150,107,5,09/01/2025
1673,178,107,5,09/05/2025
1674,93,109,5,06/12/2024
1675,22,102,2,01/12/2024
1676,171,106,2,04/12/2024
1677,157,101,5,04/12/2024
1678,174,107,3,28/01/2025
1679,28,101,1,13/03/2025
1680,57,109,5,27/12/2024
1681,149,110,2,24/01/2025
1682,96,107,4,26/11/2024
1683,151,109,2,19/02/2025
1684,7,108,1,04/03/2025
1685,107,102,1,12/04/2025
1686,90,105,3,22/01/2025
1687,53,109,4,18/02/2025
1688,122,102,4,21/11/2024
1689,116,106,1,03/03/2025
1690,12,102,1,20/02/2025
1691,166,102,2,17/03/2025
1692,133,103,5,08/04/2025
1693,85,109,4,20/01/2025
1694,60,107,2,01/04/2025
1695,164,107,4,11/05/2025
1696,189,110,2,23/01/2025
1697,152,107,4,17/05/2025
1698,181,104,2,08/03/2025
1699,193,102,5,22/04/2025
1700,138,103,3,24/02/2025
1701,51,108,1,12/03/2025
1702,172,108,5,06/12/2024
1703,81,110,4,13/12/2024
1704,101,110,1,18/02/2025
1705,91,108,5,04/04/2025
1706,173,105,5,18/12/2024
1707,22,103,3,18/04/2025
1708,62,105,1,02/04/2025
1709,96,103,5,08/02/2025
1710,108,110,2,22/12/2024
1711,99,107,2,14/01/2025
1712,163,109,2,27/12/2024
1713,43,108,3,13/04/2025
1714,48,106,4,11/12/2024
1715,14,106,1,14/01/2025
1716,35,104,4,26/12/2024
1717,130,108,4,24/11/2024
1718,126,107,4,13/01/2025
1719,43,102,5,11/05/2025
1720,195,104,3,10/05/2025
1721,71,104,5,06/03/2025
1722,44,108,5,12/01/2025
1723,141,109,1,23/12/2024
1724,30,105,5,14/02/2025
1725,139,101,4,30/12/2024
1726,56,107,1,02/12/2024
1727,193,104,3,10/05/2025
1728,116,105,3,26/04/2025
1729,113,102,2,26/03/2025
1730,189,110,3,13/12/2024
1731,162,107,2,12/12/2024
1732,36,104,2,03/05/2025
1733,146,106,5,08/03/2025
1734,153,109,2,25/02/2025
1735,181,105,3,23/12/2024
1736,69,109,1,14/04/2025
1737,193,107,1,09/03/2025
1738,168,103,2,16/03/2025
1739,38,106,2,26/11/2024
1740,101,108,2,22/12/2024
1741,162,105,4,11/02/2025
1742,116,102,1,04/02/2025
1743,132,105,3,22/01/2025
1744,125,106,5,18/05/2025
1745,199,102,4,07/12/2024
1746,171,106,1,02/01/2025
1747,102,104,4,25/03/2025
1748,127,105,3,07/03/2025
1749,87,109,5,15/04/2025
1750,145,108,3,25/11/2024
1751,196,101,1,23/04/2025
1752,161,108,1,17/04/2025
1753,41,108,4,18/05/2025
1754,110,104,2,03/12/2024
1755,78,103,3,25/04/2025
1756,168,106,3,27/04/2025
1757,96,103,1,06/02/2025
1758,161,105,2,29/01/2025
1759,168,102,1,18/05/2025
1760,55,108,1,15/04/2025
1761,152,104,5,25/11/2024
1762,114,101,1,21/11/2024
1763,88,102,4,22/11/2024
1764,34,108,1,21/03/2025
1765,99,102,1,22/04/2025
1766,81,106,3,13/04/2025
1767,98,103,2,01/05/2025
1768,136,110,1,13/12/2024
1769,167,103,4,18/02/2025
1770,185,104,2,02/02/2025
1771,158,108,2,26/04/2025
1772,26,103,1,19/12/2024
1773,187,107,3,29/01/2025
1774,81,103,2,09/03/2025
1775,166,102,2,28/12/2024
1776,154,110,5,07/03/2025
1777,200,101,3,27/03/2025
1778,133,110,5,31/03/2025
1779,192,107,3,04/12/2024
1780,14,104,4,09/02/2025
1781,29,104,4,06/12/2024
1782,153,102,5,15/05/2025
1783,93,106,2,08/02/2025
1784,146,107,3,30/12/2024
1785,175,103,4,30/04/2025
1786,5,110,1,15/05/2025
1787,68,104,1,03/05/2025
1788,102,109,3,09/12/2024
1789,183,109,4,30/01/2025
1790,180,107,1,06/12/2024
1791,138,109,5,09/04/2025
1792,72,102,3,28/04/2025
1793,131,104,2,01/01/2025
1794,84,107,5,07/12/2024
1795,196,102,3,21/11/2024
1796,112,104,1,17/03/2025
1797,23,107,1,22/01/2025
1798,157,110,1,28/02/2025
1799,171,103,1,15/05/2025
1800,182,103,1,07/04/2025
1801,128,106,5,06/01/2025
1802,185,105,2,12/02/2025
1803,33,105,1,11/05/2025
1804,86,107,3,04/01/2025
1805,17,105,5,09/12/2024
1806,20,108,4,08/01/2025
1807,93,101,4,24/12/2024
1808,43,106,2,14/03/2025
1809,198,102,5,27/11/2024
1810,186,102,2,08/01/2025
1811,1,101,1,17/03/2025
1812,12,108,3,09/02/2025
1813,39,103,1,28/12/2024
1814,183,107,2,25/02/2025
1815,64,107,3,10/03/2025
1816,20,110,3,18/04/2025
1817,129,101,2,22/03/2025
1818,133,101,4,01/05/2025
1819,120,105,3,24/02/2025
1820,23,109,4,16/05/2025
1821,95,104,3,25/12/2024
1822,78,110,2,20/01/2025
1823,95,110,4,29/03/2025
1824,188,109,2,10/04/2025
1825,2,107,1,20/03/2025
1826,139,106,1,22/02/2025
1827,1,107,3,22/04/2025
1828,53,109,2,31/01/2025
1829,126,101,2,08/03/2025
1830,24,101,2,05/01/2025
1831,106,106,4,27/04/2025
1832,149,102,5,14/04/2025
1833,164,107,1,18/12/2024
1834,146,101,4,30/11/2024
1835,34,104,3,13/03/2025
1836,81,107,3,26/02/2025
1837,116,105,2,29/04/2025
1838,52,103,5,21/04/2025
1839,40,102,2,23/01/2025
1840,120,106,4,18/04/2025
1841,138,106,2,23/01/2025
1842,79,108,3,18/04/2025
1843,24,103,3,21/11/2024
1844,155,101,2,24/02/2025
1845,38,102,2,16/02/2025
1846,102,109,1,26/11/2024
1847,77,105,2,11/05/2025
1848,104,108,5,29/12/2024
1849,64,102,4,22/04/2025
1850,36,102,1,03/05/2025
1851,200,104,2,29/03/2025
1852,103,106,1,20/12/2024
1853,151,105,1,13/05/2025
1854,17,104,4,16/04/2025
1855,24,106,1,08/05/2025
1856,119,101,2,23/12/2024
1857,111,107,4,11/05/2025
1858,98,107,2,17/02/2025
1859,55,103,3,08/03/2025
1860,115,103,1,12/12/2024
1861,159,110,2,04/12/2024
1862,76,108,4,29/12/2024
1863,123,101,1,08/03/2025
1864,99,103,4,28/03/2025
1865,165,109,2,08/12/2024
1866,140,101,4,16/02/2025
1867,123,109,4,19/02/2025
1868,145,109,3,08/02/2025
1869,70,103,1,26/02/2025
1870,153,104,1,08/03/2025
1871,15,108,5,16/02/2025
1872,197,110,2,08/04/2025
1873,26,104,2,11/03/2025
1874,137,101,2,22/12/2024
1875,100,106,2,03/04/2025
1876,61,110,3,21/11/2024
1877,92,110,1,20/11/2024
1878,91,110,5,12/04/2025
1879,145,104,4,31/12/2024
1880,80,103,4,09/05/2025
1881,24,101,2,15/12/2024
1882,57,101,5,16/01/2025
1883,1,106,5,28/03/2025
1884,34,106,2,25/02/2025
1885,16,101,2,19/12/2024
1886,181,103,1,04/01/2025
1887,94,102,3,30/11/2024
1888,102,110,1,21/02/2025
1889,78,106,2,08/04/2025
1890,188,107,4,03/12/2024
1891,82,103,5,22/11/2024
1892,158,106,2,29/11/2024
1893,151,103,4,01/03/2025
1894,188,105,2,03/04/2025
1895,187,101,5,07/02/2025
1896,198,110,1,02/04/2025
1897,155,106,5,23/03/2025
1898,164,110,1,11/01/2025
1899,37,106,1,19/03/2025
1900,89,106,2,07/12/2024
1901,23,106,4,16/05/2025
1902,68,104,2,22/11/2024
1903,18,106,3,21/04/2025
1904,185,101,1,09/02/2025
1905,113,107,2,02/02/2025
1906,127,107,3,30/12/2024
1907,97,102,4,22/12/2024
1908,167,104,2,23/01/2025
1909,19,101,3,13/05/2025
1910,82,105,1,30/04/2025
1911,88,103,4,07/04/2025
1912,188,102,5,25/04/2025
1913,87,110,5,15/01/2025
1914,181,101,4,02/12/2024
1915,43,110,4,08/04/2025
1916,14,102,3,27/03/2025
1917,49,107,5,31/12/2024
1918,68,105,3,19/03/2025
1919,25,101,4,23/12/2024
1920,141,108,2,05/05/2025
1921,93,101,4,26/04/2025
1922,76,110,4,28/03/2025
1923,25,101,2,05/04/2025
1924,164,105,1,17/01/2025
1925,30,105,4,18/01/2025
1926,126,105,1,05/12/2024
1927,140,107,2,13/02/2025
1928,98,106,2,24/01/2025
1929,12,105,4,19/01/2025
1930,68,104,3,25/12/2024
1931,16,103,1,27/04/2025
1932,172,106,5,02/02/2025
1933,194,110,2,28/12/2024
1934,16,107,5,31/01/2025
1935,138,108,5,19/03/2025
1936,122,105,1,06/02/2025
1937,183,101,5,23/12/2024
1938,133,110,5,11/04/2025
1939,31,108,2,06/04/2025
1940,55,104,2,08/05/2025
1941,109,102,4,28/03/2025
1942,161,103,5,13/03/2025
1943,82,102,1,08/02/2025
1944,143,107,5,24/02/2025
1945,71,109,4,15/05/2025
1946,180,110,5,05/01/2025
1947,108,102,4,10/04/2025
1948,38,110,5,20/12/2024
1949,195,102,1,25/12/2024
1950,200,102,3,01/01/2025
1951,89,107,3,09/02/2025
1952,168,108,5,14/12/2024
1953,122,101,2,09/03/2025
1954,104,103,5,14/12/2024
1955,175,107,1,06/02/2025
1956,85,104,1,17/01/2025
1957,69,106,1,21/02/2025
1958,78,105,3,13/01/2025
1959,179,102,2,14/04/2025
1960,77,108,3,11/03/2025
1961,187,107,5,04/12/2024
1962,23,104,4,25/03/2025
1963,105,108,5,12/02/2025
1964,15,109,2,02/05/2025
1965,80,109,4,14/04/2025
1966,200,109,5,11/05/2025
1967,45,104,2,04/05/2025
1968,64,101,4,06/05/2025
1969,93,104,3,13/02/2025
1970,119,109,4,07/12/2024
1971,32,101,2,12/02/2025
1972,126,110,4,03/04/2025
1973,122,110,5,18/02/2025
1974,89,103,3,23/11/2024
1975,24,105,1,09/02/2025
1976,13,103,5,25/03/2025
1977,57,104,2,11/03/2025
1978,167,107,5,13/05/2025
1979,200,101,4,15/04/2025
1980,166,103,5,16/05/2025
1981,58,105,5,01/03/2025
1982,183,105,4,11/02/2025
1983,90,108,3,24/03/2025
1984,120,105,5,10/12/2024
1985,102,110,1,17/05/2025
1986,131,106,5,04/12/2024
1987,153,110,3,03/03/2025
1988,176,102,4,02/05/2025
1989,87,105,3,09/03/2025
1990,67,105,2,10/04/2025
1991,133,104,1,16/12/2024
1992,104,106,2,12/05/2025
1993,168,108,3,13/03/2025
1994,108,107,4,09/05/2025
1995,150,110,2,20/02/2025
1996,186,104,5,06/12/2024
1997,122,106,5,03/03/2025
1998,44,109,2,04/03/2025
1999,25,108,2,13/03/2025
2000,186,109,2,25/11/2024
2001,86,102,2,17/02/2025
2002,58,105,4,23/02/2025
2003,96,105,5,04/03/2025
2004,119,102,4,05/05/2025
2005,163,110,5,11/12/2024
2006,19,108,2,10/01/2025
2007,31,107,5,03/03/2025
2008,106,101,2,13/04/2025
2009,52,106,4,24/12/2024
2010,118,103,3,02/04/2025
2011,200,102,4,22/02/2025
2012,162,103,3,07/12/2024
2013,15,101,4,09/03/2025
2014,54,103,5,08/04/2025
2015,126,102,2,12/12/2024
2016,112,107,4,29/01/2025
2017,123,107,1,09/05/2025
2018,137,104,3,15/05/2025
2019,83,109,2,14/05/2025
2020,174,101,2,22/03/2025
2021,178,106,3,15/04/2025
2022,27,107,5,19/12/2024
2023,79,103,1,07/05/2025
2024,77,105,4,05/01/2025
2025,153,109,3,27/01/2025
2026,176,103,3,13/01/2025
2027,92,104,2,04/02/2025
2028,5,104,2,15/04/2025
2029,55,101,5,09/01/2025
2030,44,102,3,03/12/2024
2031,10,107,3,02/01/2025
2032,160,101,5,06/05/2025
2033,170,102,1,06/05/2025
2034,177,102,4,25/01/2025
2035,98,102,5,15/03/2025
2036,122,103,2,22/11/2024
2037,176,101,3,31/01/2025
2038,170,102,5,10/03/2025
2039,160,110,2,31/01/2025
2040,27,109,5,18/04/2025
2041,73,102,1,11/01/2025
2042,51,110,2,12/03/2025
2043,134,104,3,03/02/2025
2044,76,103,1,29/12/2024
2045,128,104,4,23/02/2025
2046,61,101,1,28/11/2024
2047,23,102,5,28/11/2024
2048,127,103,1,08/01/2025
2049,20,102,3,05/12/2024
2050,60,108,3,12/03/2025
2051,119,101,1,04/04/2025
2052,11,105,3,26/11/2024
2053,81,107,1,24/04/2025
2054,195,101,1,13/04/2025
2055,170,103,3,16/02/2025
2056,113,110,3,25/04/2025
2057,96,106,2,19/04/2025
2058,103,107,4,10/03/2025
2059,99,108,4,03/12/2024
2060,43,102,2,21/11/2024
2061,186,101,2,22/04/2025
2062,107,110,4,24/12/2024
2063,174,108,2,13/12/2024
2064,98,106,5,11/05/2025
2065,176,103,4,14/01/2025
2066,29,107,4,07/05/2025
2067,17,105,3,15/05/2025
2068,181,109,5,25/12/2024
2069,58,106,5,05/01/2025
2070,177,110,1,28/01/2025
2071,170,104,4,19/02/2025
2072,170,107,2,27/12/2024
2073,157,101,1,05/12/2024
2074,41,109,4,12/01/2025
2075,43,102,4,25/02/2025
2076,62,106,3,06/05/2025
2077,130,104,5,05/12/2024
2078,97,107,2,28/04/2025
2079,118,108,5,24/01/2025
2080,23,108,4,27/02/2025
2081,31,108,1,22/04/2025
2082,104,107,1,27/12/2024
2083,141,101,1,15/12/2024
2084,159,105,5,26/12/2024
2085,53,108,3,14/02/2025
2086,14,104,4,23/02/2025
2087,144,110,5,17/01/2025
2088,184,106,4,19/04/2025
2089,25,104,1,20/02/2025
2090,91,105,5,05/01/2025
2091,96,102,1,06/04/2025
2092,127,103,4,21/04/2025
2093,66,110,2,31/03/2025
2094,31,107,2,21/01/2025
2095,49,106,1,01/02/2025
2096,12,110,1,23/01/2025
2097,118,110,5,14/04/2025
2098,128,101,5,06/05/2025
2099,142,107,5,15/01/2025
2100,131,103,5,04/04/2025
2101,188,103,1,08/02/2025
2102,169,110,5,25/02/2025
2103,130,107,4,14/12/2024
2104,178,104,3,06/02/2025
2105,88,105,4,14/04/2025
2106,36,107,5,20/11/2024
2107,192,109,3,20/11/2024
2108,141,106,5,08/12/2024
2109,56,104,2,10/12/2024
2110,183,105,3,27/11/2024
2111,34,103,5,31/12/2024
2112,178,106,1,17/02/2025
2113,144,108,5,23/12/2024
2114,171,107,5,06/03/2025
2115,109,101,5,21/04/2025
2116,7,107,2,05/05/2025
2117,172,101,2,11/03/2025
2118,193,103,3,25/11/2024
2119,65,103,1,23/11/2024
2120,76,104,5,10/05/2025
2121,92,108,1,12/12/2024
2122,173,109,2,04/12/2024
2123,144,107,2,08/01/2025
2124,179,105,1,10/02/2025
2125,100,107,3,28/12/2024
2126,14,101,3,28/03/2025
2127,159,108,2,07/12/2024
2128,181,106,5,30/12/2024
2129,190,110,2,30/03/2025
2130,76,108,2,25/11/2024
2131,20,103,2,07/01/2025
2132,31,107,1,29/01/2025
2133,72,109,3,15/04/2025
2134,42,110,3,17/05/2025
2135,85,108,2,08/05/2025
2136,40,106,5,05/05/2025
2137,199,110,3,13/01/2025
2138,147,109,3,30/04/2025
2139,182,106,5,23/03/2025
2140,48,109,1,09/01/2025
2141,41,107,5,01/01/2025
2142,104,102,3,23/03/2025
2143,55,106,3,15/02/2025
2144,76,104,5,03/01/2025
2145,122,109,1,19/04/2025
2146,172,106,4,18/03/2025
2147,165,110,5,17/03/2025
2148,11,106,4,19/04/2025
2149,99,105,5,07/03/2025
2150,7,109,3,07/01/2025
2151,131,108,4,07/05/2025
2152,76,104,3,07/01/2025
2153,22,102,2,01/01/2025
2154,137,101,1,26/03/2025
2155,172,104,4,22/04/2025
2156,53,109,4,04/12/2024
2157,19,103,1,21/01/2025
2158,184,106,1,26/04/2025
2159,19,101,2,15/03/2025
2160,143,102,5,21/03/2025
2161,67,107,4,23/01/2025
2162,162,107,4,27/02/2025
2163,5,107,1,02/01/2025
2164,2,110,1,20/12/2024
2165,12,102,3,10/01/2025
2166,28,105,3,14/12/2024
2167,23,105,4,10/02/2025
2168,102,101,4,08/04/2025
2169,137,104,2,07/02/2025
2170,140,105,2,03/03/2025
2171,174,106,1,28/12/2024
2172,143,103,1,08/05/2025
2173,2,110,5,07/02/2025
2174,138,109,1,01/03/2025
2175,54,106,2,02/02/2025
2176,166,109,2,07/04/2025
2177,48,104,5,15/03/2025
2178,50,102,2,28/11/2024
2179,146,101,5,20/01/2025
2180,166,109,1,05/03/2025
2181,172,102,3,23/04/2025
2182,51,110,4,23/02/2025
2183,92,103,2,23/04/2025
2184,73,110,1,30/03/2025
2185,82,108,4,23/02/2025
2186,158,105,5,09/04/2025
2187,145,110,3,27/02/2025
2188,110,103,1,27/02/2025
2189,64,104,4,09/03/2025
2190,93,103,3,16/01/2025
2191,119,108,3,01/03/2025
2192,125,109,1,04/04/2025
2193,166,110,1,08/03/2025
2194,36,109,2,12/03/2025
2195,188,102,1,14/05/2025
2196,130,101,5,21/12/2024
2197,104,110,2,09/05/2025
2198,142,105,5,31/12/2024
2199,121,103,3,07/02/2025
2200,58,110,3,14/04/2025
2201,119,109,5,25/04/2025
2202,102,106,5,16/05/2025
2203,170,104,5,24/11/2024
2204,43,109,2,24/01/2025
2205,41,103,5,25/12/2024
2206,169,103,4,16/02/2025
2207,11,104,4,20/03/2025
2208,17,105,3,20/03/2025
2209,11,104,5,15/02/2025
2210,100,108,4,07/05/2025
2211,11,106,1,05/01/2025
2212,163,105,3,21/12/2024
2213,140,110,2,11/02/2025
2214,168,107,3,19/12/2024
2215,168,102,5,15/03/2025
2216,97,104,5,04/02/2025
2217,91,106,4,15/01/2025
2218,155,101,5,13/04/2025
2219,113,103,2,29/04/2025
2220,132,105,2,10/04/2025
2221,48,103,3,15/12/2024
2222,184,102,2,01/02/2025
2223,85,102,4,27/11/2024
2224,123,108,2,18/12/2024
2225,42,107,1,17/03/2025
2226,12,103,5,18/12/2024
2227,42,103,5,08/05/2025
2228,147,103,1,06/04/2025
2229,67,103,5,04/02/2025
2230,154,110,1,30/11/2024
2231,73,102,2,24/01/2025
2232,156,108,4,05/04/2025
2233,57,107,5,12/04/2025
2234,150,103,5,01/12/2024
2235,131,105,2,24/11/2024
2236,88,108,5,18/12/2024
2237,18,104,4,09/02/2025
2238,34,102,1,28/03/2025
2239,134,109,4,10/04/2025
2240,156,102,2,17/01/2025
2241,158,110,1,02/01/2025
2242,129,102,1,15/01/2025
2243,169,103,5,31/12/2024
2244,1,107,5,31/01/2025
2245,95,101,5,29/01/2025
2246,59,108,4,18/02/2025
2247,151,110,1,30/01/2025
2248,35,105,4,20/03/2025
2249,22,105,5,30/12/2024
2250,105,105,2,17/05/2025
2251,182,101,5,05/01/2025
2252,31,109,1,11/02/2025
2253,168,104,3,03/02/2025
2254,93,102,2,29/01/2025
2255,167,110,3,13/03/2025
2256,138,107,5,14/02/2025
2257,157,105,4,27/03/2025
2258,106,109,5,15/01/2025
2259,46,106,5,27/12/2024
2260,124,105,3,22/12/2024
2261,89,107,2,01/12/2024
2262,31,104,4,20/11/2024
2263,42,102,2,08/01/2025
2264,103,106,5,12/12/2024
2265,179,101,2,08/02/2025
2266,163,101,1,11/04/2025
2267,121,110,4,26/04/2025
2268,17,105,2,13/02/2025
2269,21,110,1,09/02/2025
2270,103,110,5,06/03/2025
2271,183,110,1,04/04/2025
2272,164,108,4,16/05/2025
2273,52,109,3,30/03/2025
2274,9,110,5,06/01/2025
2275,179,104,5,05/04/2025
2276,173,101,3,18/03/2025
2277,168,101,2,26/04/2025
2278,71,107,3,28/11/2024
2279,102,107,5,28/03/2025
2280,133,101,1,25/04/2025
2281,141,105,5,20/12/2024
2282,90,106,3,22/03/2025
2283,156,104,4,04/02/2025
2284,148,101,3,04/04/2025
2285,105,109,1,26/12/2024
2286,19,109,3,20/02/2025
2287,30,109,3,01/01/2025
2288,148,105,4,11/02/2025
2289,145,108,2,21/02/2025
2290,199,108,4,19/12/2024
2291,8,108,1,13/03/2025
2292,18,107,2,26/11/2024
2293,180,104,3,02/02/2025
2294,91,109,5,16/05/2025
2295,180,105,2,06/03/2025
2296,24,107,3,29/04/2025
2297,142,103,4,27/02/2025
2298,91,104,5,11/03/2025
2299,47,104,4,28/03/2025
2300,61,104,3,27/03/2025
2301,59,104,2,11/12/2024
2302,92,103,1,18/04/2025
2303,21,108,5,17/05/2025
2304,196,109,1,15/01/2025
2305,96,110,3,12/01/2025
2306,148,105,4,02/04/2025
2307,196,109,3,06/02/2025
2308,57,110,2,05/05/2025
2309,135,107,4,31/12/2024
2310,9,109,3,07/02/2025
2311,176,103,4,18/04/2025
2312,179,109,4,27/02/2025
2313,177,101,1,27/11/2024
2314,54,107,5,23/04/2025
2315,84,106,5,13/03/2025
2316,48,109,3,19/03/2025
2317,69,108,5,20/02/2025
2318,94,103,4,30/01/2025
2319,54,107,3,14/02/2025
2320,103,105,4,02/04/2025
2321,147,103,5,24/11/2024
2322,59,102,3,19/03/2025
2323,143,107,4,29/03/2025
2324,38,103,4,16/05/2025
2325,46,107,4,14/04/2025
2326,162,109,5,27/02/2025
2327,125,105,3,26/12/2024
2328,146,101,4,23/04/2025
2329,177,103,1,24/03/2025
2330,66,108,1,23/01/2025
2331,191,106,3,15/02/2025
2332,93,109,5,14/03/2025
2333,89,101,4,17/04/2025
2334,90,110,2,22/12/2024
2335,148,109,2,07/03/2025
2336,91,106,5,14/01/2025
2337,199,108,1,10/02/2025
2338,158,105,4,08/12/2024
2339,38,103,3,31/01/2025
2340,162,110,5,04/02/2025
2341,19,102,2,20/02/2025
2342,59,106,3,02/12/2024
2343,75,105,5,04/12/2024
2344,102,105,4,15/02/2025
2345,192,110,5,23/01/2025
2346,106,103,2,13/05/2025
2347,33,104,3,20/11/2024
2348,192,102,2,06/04/2025
2349,102,102,1,02/05/2025
2350,122,109,1,12/05/2025
2351,198,107,5,27/04/2025
2352,27,105,5,09/04/2025
2353,22,107,3,21/03/2025
2354,64,105,4,09/12/2024
2355,33,103,5,05/04/2025
2356,8,101,3,24/02/2025
2357,122,108,5,10/03/2025
2358,141,108,2,21/11/2024
2359,139,103,5,17/12/2024
2360,117,110,4,04/01/2025
2361,164,109,3,19/02/2025
2362,124,109,2,26/04/2025
2363,114,105,3,02/02/2025
2364,67,103,3,16/05/2025
2365,1,109,2,19/02/2025
2366,74,108,5,16/05/2025
2367,177,108,4,03/03/2025
2368,3,107,3,17/12/2024
2369,60,101,5,12/02/2025
2370,49,107,5,27/01/2025
2371,102,104,2,04/12/2024
2372,100,107,2,12/03/2025
2373,21,107,2,06/01/2025
2374,196,110,3,07/03/2025
2375,167,109,3,02/02/2025
2376,49,102,2,14/04/2025
2377,75,102,4,11/12/2024
2378,116,105,5,13/01/2025
2379,49,106,1,10/04/2025
2380,13,109,1,01/04/2025
2381,27,105,3,16/04/2025
2382,184,108,1,20/03/2025
2383,24,103,1,12/01/2025
2384,56,106,4,28/02/2025
2385,128,106,4,21/11/2024
2386,9,106,1,11/04/2025
2387,15,105,4,30/04/2025
2388,140,108,2,30/03/2025
2389,65,107,1,17/04/2025
2390,197,104,4,25/01/2025
2391,64,101,2,21/01/2025
2392,189,102,5,29/11/2024
2393,54,108,4,25/11/2024
2394,80,106,2,08/12/2024
2395,187,101,5,05/01/2025
2396,32,105,4,06/12/2024
2397,77,104,3,05/05/2025
2398,171,104,1,19/03/2025
2399,163,107,3,15/05/2025
2400,43,105,5,18/04/2025
2401,102,104,1,08/05/2025
2402,149,108,5,09/04/2025
2403,96,102,2,08/04/2025
2404,128,102,5,21/02/2025
2405,195,101,1,16/02/2025
2406,166,103,5,21/04/2025
2407,33,108,2,26/02/2025
2408,143,106,4,30/03/2025
2409,6,107,3,14/04/2025
2410,65,101,4,26/01/2025
2411,144,105,5,21/11/2024
2412,126,104,5,01/04/2025
2413,140,106,3,19/01/2025
2414,71,110,5,07/04/2025
2415,18,109,2,23/01/2025
2416,76,105,5,14/02/2025
2417,117,101,5,10/02/2025
2418,188,103,1,11/12/2024
2419,94,110,2,25/02/2025
2420,185,102,5,08/02/2025
2421,49,109,4,28/12/2024
2422,40,110,3,25/02/2025
2423,105,106,1,24/04/2025
2424,134,102,1,15/04/2025
2425,46,101,2,21/04/2025
2426,125,104,1,10/05/2025
2427,147,107,4,04/01/2025
2428,160,110,3,06/05/2025
2429,94,104,5,30/04/2025
2430,4,104,4,28/04/2025
2431,120,101,3,27/12/2024
2432,191,107,3,04/05/2025
2433,158,105,5,08/05/2025
2434,188,102,3,29/04/2025
2435,56,109,1,23/04/2025
2436,186,104,5,09/02/2025
2437,49,104,5,01/12/2024
2438,64,110,2,27/12/2024
2439,192,109,4,21/04/2025
2440,197,110,3,27/11/2024
2441,118,107,1,06/04/2025
2442,47,109,4,09/01/2025
2443,87,103,5,16/12/2024
2444,114,106,3,29/12/2024
2445,84,106,4,07/12/2024
2446,111,106,5,18/03/2025
2447,145,109,2,11/02/2025
2448,197,109,3,15/02/2025
2449,116,108,4,18/05/2025
2450,186,101,3,17/12/2024
2451,5,109,2,02/03/2025
2452,2,105,2,25/03/2025
2453,81,101,3,28/12/2024
2454,131,109,5,23/12/2024
2455,40,102,1,21/01/2025
2456,92,103,2,12/03/2025
2457,94,110,2,20/03/2025
2458,66,105,1,23/12/2024
2459,103,110,2,29/04/2025
2460,186,106,4,04/04/2025
2461,125,110,1,17/12/2024
2462,165,105,1,22/12/2024
2463,98,102,1,22/02/2025
2464,90,107,4,18/04/2025
2465,198,104,5,16/05/2025
2466,163,107,1,01/03/2025
2467,135,101,3,31/12/2024
2468,145,103,3,10/01/2025
2469,179,104,2,06/05/2025
2470,173,107,4,17/12/2024
2471,148,109,1,23/03/2025
2472,111,105,4,11/04/2025
2473,34,106,1,17/01/2025
2474,147,101,5,05/02/2025
2475,68,102,4,10/01/2025
2476,112,103,2,15/01/2025
2477,144,104,4,06/02/2025
2478,167,110,2,26/12/2024
2479,158,109,2,17/03/2025
2480,19,105,4,25/02/2025
2481,176,110,1,20/04/2025
2482,172,107,4,14/02/2025
2483,90,104,3,19/02/2025
2484,153,101,3,05/04/2025
2485,90,110,4,10/12/2024
2486,38,108,1,20/03/2025
2487,52,106,2,27/04/2025
2488,29,101,2,11/12/2024
2489,38,105,1,20/02/2025
2490,178,102,3,23/01/2025
2491,121,101,3,26/03/2025
2492,190,109,2,27/03/2025
2493,140,109,3,29/12/2024
2494,124,110,2,22/11/2024
2495,179,101,4,20/12/2024
2496,170,109,1,14/03/2025
2497,44,101,3,28/03/2025
2498,179,110,3,05/05/2025
2499,120,101,1,08/02/2025
2500,170,105,3,21/04/2025
2501,5,105,4,20/03/2025
2502,98,109,1,27/02/2025
2503,125,110,5,26/04/2025
2504,48,104,5,21/01/2025
2505,144,101,1,16/03/2025
2506,136,105,3,13/01/2025
2507,101,103,1,19/02/2025
2508,176,106,3,09/12/2024
2509,78,104,5,09/03/2025
2510,16,105,4,11/05/2025
2511,143,105,2,10/04/2025
2512,88,107,2,26/04/2025
2513,187,107,5,26/11/2024
2514,157,104,4,18/03/2025
2515,147,103,4,28/02/2025
2516,155,106,4,31/12/2024
2517,34,104,2,21/12/2024
2518,139,104,2,28/02/2025
2519,177,109,2,28/01/2025
2520,198,103,5,08/04/2025
2521,82,102,5,02/01/2025
2522,185,102,2,26/02/2025
2523,38,101,3,02/02/2025
2524,106,105,4,06/12/2024
2525,190,105,2,31/03/2025
2526,28,103,2,12/05/2025
2527,196,110,5,11/03/2025
2528,156,110,5,20/03/2025
2529,153,104,2,24/11/2024
2530,7,106,1,23/11/2024
2531,200,108,2,10/01/2025
2532,155,108,3,01/04/2025
2533,100,108,4,13/04/2025
2534,42,104,2,10/05/2025
2535,105,101,3,02/02/2025
2536,57,104,2,02/05/2025
2537,46,108,5,13/01/2025
2538,177,106,4,16/03/2025
2539,110,107,1,14/12/2024
2540,189,107,3,07/02/2025
2541,157,110,5,01/01/2025
2542,135,101,5,21/04/2025
2543,116,108,1,17/03/2025
2544,133,109,4,08/05/2025
2545,143,107,5,08/12/2024
2546,13,104,3,26/01/2025
2547,102,105,3,20/01/2025
2548,43,107,3,13/12/2024
2549,14,109,2,20/01/2025
2550,166,108,1,10/01/2025
2551,29,103,5,21/11/2024
2552,140,103,4,02/02/2025
2553,83,108,1,03/04/2025
2554,117,110,2,22/01/2025
2555,24,105,3,22/11/2024
2556,167,103,1,25/04/2025
2557,30,108,3,27/04/2025
2558,135,107,5,13/12/2024
2559,41,107,5,10/02/2025
2560,12,103,3,25/12/2024
2561,169,103,2,11/04/2025
2562,46,101,4,01/03/2025
2563,80,108,3,09/12/2024
2564,47,102,2,28/03/2025
2565,1,110,3,15/05/2025
2566,118,108,4,30/12/2024
2567,2,110,4,19/03/2025
2568,56,110,4,22/01/2025
2569,105,108,1,16/12/2024
2570,154,101,2,29/12/2024
2571,72,110,5,26/03/2025
2572,13,103,2,04/05/2025
2573,168,106,1,11/04/2025
2574,9,110,5,03/03/2025
2575,85,102,1,21/04/2025
2576,107,103,2,27/11/2024
2577,73,110,5,23/12/2024
2578,144,103,4,21/12/2024
2579,93,101,1,03/03/2025
2580,83,106,4,01/05/2025
2581,195,107,5,02/05/2025
2582,75,108,2,17/04/2025
2583,178,105,3,04/01/2025
2584,106,109,2,21/11/2024
2585,54,110,1,21/04/2025
2586,147,109,1,15/01/2025
2587,186,110,3,29/01/2025
2588,156,106,3,04/01/2025
2589,148,110,3,15/04/2025
2590,158,110,4,05/01/2025
2591,187,108,4,02/04/2025
2592,157,104,3,30/03/2025
2593,1,102,1,19/01/2025
2594,161,102,2,12/12/2024
2595,107,107,1,22/02/2025
2596,90,109,2,16/05/2025
2597,164,104,3,14/03/2025
2598,18,105,3,09/01/2025
2599,141,106,1,19/04/2025
2600,176,106,3,06/02/2025
2601,186,110,5,11/05/2025
2602,45,104,3,21/02/2025
2603,173,108,4,09/05/2025
2604,166,103,4,09/04/2025
2605,161,108,5,22/02/2025
2606,119,107,1,05/01/2025
2607,77,110,3,27/12/2024
2608,138,101,2,22/12/2024
2609,176,106,3,02/05/2025
2610,39,105,1,21/02/2025
2611,97,109,2,23/12/2024
2612,156,107,2,17/12/2024
2613,30,105,3,10/05/2025
2614,70,107,1,11/01/2025
2615,61,106,4,02/03/2025
2616,56,109,3,04/04/2025
2617,29,106,1,28/03/2025
2618,24,108,5,12/05/2025
2619,124,109,2,31/03/2025
2620,88,108,5,28/02/2025
2621,199,106,2,23/04/2025
2622,133,103,2,09/05/2025
2623,118,107,5,19/04/2025
2624,2,105,1,24/11/2024
2625,153,102,3,19/01/2025
2626,12,102,5,01/12/2024
2627,191,105,1,22/12/2024
2628,195,105,2,25/02/2025
2629,52,104,3,09/03/2025
2630,137,106,4,28/11/2024
2631,31,105,2,08/04/2025
2632,71,102,1,10/12/2024
2633,144,109,1,27/03/2025
2634,139,106,5,26/02/2025
2635,70,103,3,23/12/2024
2636,63,103,1,28/02/2025
2637,157,106,5,25/01/2025
2638,13,103,1,18/01/2025
2639,173,101,1,09/02/2025
2640,14,102,4,07/02/2025
2641,46,110,5,08/12/2024
2642,177,108,5,16/02/2025
2643,80,106,2,28/11/2024
2644,137,102,4,24/12/2024
2645,34,102,4,24/04/2025
2646,117,105,4,18/01/2025
2647,60,104,2,12/12/2024
2648,67,106,4,02/04/2025
2649,180,106,3,22/01/2025
2650,125,101,1,17/01/2025
2651,29,106,4,20/01/2025
2652,44,105,3,15/12/2024
2653,148,103,5,22/04/2025
2654,104,102,3,27/12/2024
2655,167,102,3,02/01/2025
2656,119,107,5,02/02/2025
2657,62,110,2,29/12/2024
2658,41,108,4,02/05/2025
2659,88,104,5,28/01/2025
2660,112,110,3,30/12/2024
2661,178,104,2,30/11/2024
2662,172,102,5,14/01/2025
2663,30,110,5,20/01/2025
2664,84,109,1,25/01/2025
2665,46,105,4,01/05/2025
2666,154,102,5,10/02/2025
2667,84,108,1,25/04/2025
2668,56,103,5,07/12/2024
2669,1,103,2,23/01/2025
2670,137,105,4,12/12/2024
2671,148,108,2,27/03/2025
2672,175,106,3,24/12/2024
2673,174,105,4,19/02/2025
2674,23,110,1,13/12/2024
2675,131,107,2,04/03/2025
2676,16,106,5,05/05/2025
2677,1,109,3,20/04/2025
2678,73,101,2,28/01/2025
2679,180,110,4,09/12/2024
2680,82,107,4,10/02/2025
2681,112,109,2,30/11/2024
2682,45,108,2,31/03/2025
2683,143,107,3,01/02/2025
2684,40,105,2,14/04/2025
2685,3,102,1,12/04/2025
2686,185,108,4,14/04/2025
2687,22,103,4,22/01/2025
2688,179,110,4,10/12/2024
2689,47,108,5,30/01/2025
2690,142,108,4,17/02/2025
2691,58,103,4,15/12/2024
2692,2,110,4,19/03/2025
2693,183,109,3,02/02/2025
2694,140,110,3,10/05/2025
2695,10,110,4,13/02/2025
2696,29,110,4,23/11/2024
2697,21,103,5,08/03/2025
2698,120,109,1,05/01/2025
2699,157,102,2,18/01/2025
2700,162,102,5,21/12/2024
2701,80,110,1,20/02/2025
2702,137,101,4,22/01/2025
2703,132,108,5,23/02/2025
2704,108,106,3,05/03/2025
2705,43,101,5,02/03/2025
2706,187,110,3,03/05/2025
2707,162,108,5,05/04/2025
2708,147,101,3,10/12/2024
2709,7,105,4,27/04/2025
2710,33,109,1,08/03/2025
2711,65,103,5,08/03/2025
2712,71,105,1,20/04/2025
2713,155,103,5,10/04/2025
2714,169,108,3,04/04/2025
2715,67,104,4,02/04/2025
2716,136,101,3,27/04/2025
2717,38,110,2,12/01/2025
2718,193,107,4,19/03/2025
2719,170,108,2,26/03/2025
2720,148,106,1,05/12/2024
2721,68,102,1,06/04/2025
2722,119,107,4,02/03/2025
2723,122,109,2,10/02/2025
2724,175,107,4,12/03/2025
2725,38,109,4,15/05/2025
2726,74,108,4,26/11/2024
2727,81,109,1,24/04/2025
2728,137,106,4,13/12/2024
2729,167,105,3,10/03/2025
2730,69,102,3,02/12/2024
2731,150,107,4,27/11/2024
2732,192,104,5,30/03/2025
2733,134,106,2,27/02/2025
2734,141,101,1,01/05/2025
2735,4,107,1,04/01/2025
2736,27,108,3,23/03/2025
2737,186,105,3,30/03/2025
2738,9,101,5,25/04/2025
2739,15,110,2,16/12/2024
2740,164,102,1,26/04/2025
2741,155,103,4,01/12/2024
2742,196,110,2,20/04/2025
2743,179,103,3,04/03/2025
2744,120,102,4,09/03/2025
2745,197,107,3,14/03/2025
2746,42,102,3,03/05/2025
2747,98,107,3,03/05/2025
2748,67,105,2,26/01/2025
2749,18,108,2,13/12/2024
2750,101,103,4,21/04/2025
2751,37,109,4,24/03/2025
2752,158,102,4,13/03/2025
2753,27,101,1,30/04/2025
2754,147,105,4,14/05/2025
2755,128,103,1,09/05/2025
2756,171,107,3,10/04/2025
2757,180,106,4,22/12/2024
2758,1,109,4,16/01/2025
2759,112,107,1,31/12/2024
2760,58,101,4,23/11/2024
2761,200,108,1,24/12/2024
2762,138,106,3,25/11/2024
2763,78,107,1,08/12/2024
2764,166,102,3,02/01/2025
2765,88,102,4,05/03/2025
2766,166,104,2,28/12/2024
2767,11,107,2,03/03/2025
2768,179,107,1,08/12/2024
2769,177,106,4,27/04/2025
2770,162,108,2,13/04/2025
2771,10,104,1,18/12/2024
2772,62,108,4,02/05/2025
2773,139,105,4,02/01/2025
2774,116,101,1,21/02/2025
2775,15,106,1,04/02/2025
2776,31,104,5,21/01/2025
2777,174,109,2,21/12/2024
2778,60,102,1,12/04/2025
2779,126,101,4,11/12/2024
2780,12,104,2,15/05/2025
2781,45,101,3,24/04/2025
2782,117,110,2,18/12/2024
2783,17,102,1,11/01/2025
2784,153,110,2,02/05/2025
2785,52,107,3,26/11/2024
2786,103,106,1,24/11/2024
2787,148,109,2,25/02/2025
2788,55,101,5,04/04/2025
2789,86,102,1,09/03/2025
2790,37,107,2,21/11/2024
2791,95,109,2,26/01/2025
2792,63,110,1,14/04/2025
2793,26,110,4,08/04/2025
2794,5,108,1,17/05/2025
2795,2,103,1,03/12/2024
2796,152,105,4,22/11/2024
2797,198,108,2,27/03/2025
2798,37,105,5,23/01/2025
2799,106,104,2,13/12/2024
2800,178,101,5,02/04/2025
2801,184,108,5,26/04/2025
2802,161,105,3,31/01/2025
2803,2,109,2,30/03/2025
2804,31,109,1,11/12/2024
2805,93,109,5,23/03/2025
2806,119,104,3,05/05/2025
2807,50,102,2,24/11/2024
2808,122,108,2,08/04/2025
2809,172,101,1,04/12/2024
2810,94,105,2,27/01/2025
2811,65,106,5,22/01/2025
2812,12,102,1,01/01/2025
2813,46,103,1,14/01/2025
2814,132,102,1,19/03/2025
2815,185,108,5,21/12/2024
2816,84,107,2,26/11/2024
2817,84,104,1,24/02/2025
2818,59,102,2,02/02/2025
2819,52,107,2,30/04/2025
2820,121,110,4,05/05/2025
2821,112,103,2,13/12/2024
2822,117,103,4,12/02/2025
2823,35,108,2,08/12/2024
2824,92,105,2,22/02/2025
2825,33,101,5,03/05/2025
2826,72,103,1,19/01/2025
2827,118,107,2,20/02/2025
2828,57,105,5,08/04/2025
2829,164,110,2,22/12/2024
2830,142,104,1,02/02/2025
2831,134,108,2,18/12/2024
2832,122,108,3,15/05/2025
2833,187,107,2,16/03/2025
2834,84,107,5,23/03/2025
2835,152,103,5,17/05/2025
2836,107,101,1,18/01/2025
2837,188,109,1,30/01/2025
2838,136,107,4,21/11/2024
2839,26,108,4,18/03/2025
2840,22,109,1,22/11/2024
2841,188,107,2,15/04/2025
2842,92,105,2,04/12/2024
2843,24,101,4,28/11/2024
2844,79,103,4,23/12/2024
2845,192,110,1,22/01/2025
2846,119,103,4,01/04/2025
2847,95,108,1,09/12/2024
2848,19,107,3,03/01/2025
2849,9,105,4,10/03/2025
2850,179,110,5,22/12/2024
2851,54,102,5,22/02/2025
2852,189,101,5,27/11/2024
2853,94,101,1,09/02/2025
2854,94,108,5,08/05/2025
2855,94,106,2,04/12/2024
2856,144,102,5,27/03/2025
2857,36,106,2,31/12/2024
2858,30,108,5,20/11/2024
2859,54,104,3,17/02/2025
2860,69,109,4,09/03/2025
2861,14,102,3,19/02/2025
2862,116,108,5,04/01/2025
2863,32,108,5,26/11/2024
2864,137,105,4,11/12/2024
2865,95,102,2,21/01/2025
2866,23,102,4,03/04/2025
2867,74,102,1,06/04/2025
2868,71,102,2,11/01/2025
2869,39,104,5,09/12/2024
2870,6,105,4,25/11/2024
2871,139,103,4,19/02/2025
2872,108,108,1,05/03/2025
2873,49,102,1,20/03/2025
2874,134,106,4,21/12/2024
2875,88,106,4,18/12/2024
2876,171,109,5,25/01/2025
2877,118,105,5,15/04/2025
2878,79,103,3,21/03/2025
2879,124,106,3,06/05/2025
2880,38,106,3,22/01/2025
2881,43,110,2,01/01/2025
2882,74,103,2,22/11/2024
2883,171,103,2,19/03/2025
2884,30,101,3,22/12/2024
2885,33,108,3,13/02/2025
2886,48,104,5,10/05/2025
2887,171,106,3,11/04/2025
2888,96,108,5,07/04/2025
2889,137,105,1,12/05/2025
2890,104,108,2,21/01/2025
2891,82,103,1,30/12/2024
2892,130,106,3,17/01/2025
2893,75,110,2,25/12/2024
2894,187,108,3,23/11/2024
2895,29,108,1,13/04/2025
2896,174,109,1,01/03/2025
2897,7,107,5,23/03/2025
2898,115,106,1,24/02/2025
2899,15,110,2,20/12/2024
2900,135,104,3,29/03/2025
2901,6,102,5,24/01/2025
2902,174,102,5,07/02/2025
2903,50,108,3,15/12/2024
2904,155,109,1,29/11/2024
2905,93,107,2,29/01/2025
2906,95,107,3,15/05/2025
2907,73,106,3,01/03/2025
2908,115,109,1,24/03/2025
2909,187,108,4,25/01/2025
2910,74,103,4,01/02/2025
2911,36,110,5,26/04/2025
2912,37,104,3,17/01/2025
2913,135,106,1,18/12/2024
2914,194,107,1,17/05/2025
2915,105,105,4,04/04/2025
2916,143,108,5,13/04/2025
2917,52,103,4,05/03/2025
2918,142,108,1,02/03/2025
2919,150,105,4,26/12/2024
2920,190,108,2,12/05/2025
2921,1,103,3,03/03/2025
2922,164,108,1,02/12/2024
2923,171,105,4,03/04/2025
2924,126,104,1,18/04/2025
2925,196,105,4,01/05/2025
2926,154,106,5,15/01/2025
2927,145,107,3,09/12/2024
2928,176,108,1,12/02/2025
2929,132,110,1,13/03/2025
2930,42,110,1,11/04/2025
2931,82,108,2,16/02/2025
2932,42,101,3,15/02/2025
2933,108,106,1,05/03/2025
2934,75,109,1,07/01/2025
2935,50,103,1,16/12/2024
2936,193,103,5,25/02/2025
2937,81,105,3,24/11/2024
2938,179,106,1,02/01/2025
2939,149,106,2,15/05/2025
2940,36,109,3,12/02/2025
2941,200,108,4,20/02/2025
2942,42,102,2,09/04/2025
2943,129,104,2,26/12/2024
2944,158,109,5,28/12/2024
2945,180,102,4,21/01/2025
2946,20,102,2,14/05/2025
2947,123,106,3,23/11/2024
2948,93,103,4,17/12/2024
2949,134,106,2,02/03/2025
2950,8,102,2,16/04/2025
2951,178,103,2,01/03/2025
2952,33,104,2,28/04/2025
2953,109,102,1,14/05/2025
2954,199,108,4,08/05/2025
2955,51,102,1,01/12/2024
2956,132,110,1,18/01/2025
2957,31,105,1,02/05/2025
2958,78,101,1,17/04/2025
2959,155,104,5,28/03/2025
2960,48,106,1,25/04/2025
2961,38,105,5,18/02/2025
2962,91,103,5,13/12/2024
2963,62,109,5,01/05/2025
2964,26,110,1,03/01/2025
2965,56,104,3,05/04/2025
2966,194,109,1,23/04/2025
2967,55,109,4,14/02/2025
2968,179,110,2,26/01/2025
2969,173,102,2,17/02/2025
2970,98,107,2,07/01/2025
2971,59,107,1,27/02/2025
2972,32,108,1,05/01/2025
2973,35,108,3,06/03/2025
2974,143,101,1,24/02/2025
2975,127,102,4,07/03/2025
2976,117,110,3,24/11/2024
2977,114,104,5,03/02/2025
2978,75,107,2,01/05/2025
2979,122,106,2,15/05/2025
2980,173,108,1,06/02/2025
2981,113,109,1,18/04/2025
2982,37,107,4,22/11/2024
2983,152,102,2,02/05/2025
2984,94,104,3,28/03/2025
2985,153,107,1,20/03/2025
2986,109,108,3,21/12/2024
2987,152,105,4,16/02/2025
2988,122,110,4,14/01/2025
2989,131,105,2,22/01/2025
2990,28,102,3,13/01/2025
2991,128,104,2,11/05/2025
2992,26,101,1,11/01/2025
2993,174,101,2,10/02/2025
2994,155,106,2,02/03/2025
2995,160,110,1,29/04/2025
2996,170,109,4,19/01/2025
2997,52,105,4,13/01/2025
2998,130,105,5,20/02/2025
2999,139,109,1,10/05/2025
3000,111,102,4,23/01/2025
